[
  {
    "gstin": "27ABCDE1234F1Z5",
    "legalName": "Sanket Tech Pvt Ltd",
    "email": "accounts@sanket-tech.com",
    "status": "Active",
    "riskScore": 10
  },
  {
    "gstin": "27AAACT0000A1Z5",
    "legalName": "Tata Motors Ltd",
    "email": "finance@tatamotors.com",
    "status": "Active",
    "riskScore": 5
  },
  {
    "gstin": "29ABCDE1234F1Z5",
    "legalName": "Infosys Limited",
    "email": "accounts@infosys.com",
    "status": "Active",
    "riskScore": 2
  },
  {
    "gstin": "99ZZZZZ9999Z1Z1",
    "legalName": "Shady Business Corp",
    "email": "fake@scam.com",
    "status": "Suspended",
    "riskScore": 95
  },
  {
    "gstin": "27AAABC0000A1Z5",
    "legalName": "Reliance Industries Ltd",
    "email": "tax@ril.com",
    "status": "Active",
    "riskScore": 3
  },
  {
    "gstin": "22AABCD1234C1Z5",
    "legalName": "Wipro Technologies",
    "email": "gst@wipro.com",
    "status": "Active",
    "riskScore": 8
  },
  {
    "gstin": "33XYZAB1234E1Z5",
    "legalName": "HCL Tech Solutions",
    "email": "billing@hcltech.com",
    "status": "Active",
    "riskScore": 12
  },
  {
    "gstin": "08DEFGA5678B1Z5",
    "legalName": "TechBit Solutions Pvt Ltd",
    "email": "accounts@techbit.in",
    "status": "Cancelled",
    "riskScore": 85
  },
  {
    "gstin": "27PQRSD9012F1Z5",
    "legalName": "Mahindra & Mahindra",
    "email": "gst@mahindra.com",
    "status": "Active",
    "riskScore": 4
  },
  {
    "gstin": "19UVWXY3456C1Z5",
    "legalName": "ITC Limited",
    "email": "tax@itcportal.com",
    "status": "Active",
    "riskScore": 1
  },
  {
    "gstin": "27EFGHI7890D1Z5",
    "legalName": "L&T Construction",
    "email": "finance@LNT.co.in",
    "status": "Active",
    "riskScore": 15
  },
  {
    "gstin": "10JKLMA2345E1Z5",
    "legalName": "Aditya Birla Group",
    "email": "gst@adityabirla.com",
    "status": "Active",
    "riskScore": 7
  },
  {
    "gstin": "27MNOPQ6789F1Z5",
    "legalName": "Bajaj Auto Ltd",
    "email": "accounts@bajajauto.co.in",
    "status": "Active",
    "riskScore": 6
  },
  {
    "gstin": "29RSTUV0123C1Z5",
    "legalName": "Flipkart Internet Pvt Ltd",
    "email": "tax@flipkart.com",
    "status": "Active",
    "riskScore": 20
  },
  {
    "gstin": "22WXYZAB4567D1Z5",
    "legalName": "Amazon India Holdings",
    "email": "gst@amazon.in",
    "status": "Active",
    "riskScore": 18
  },
  {
    "gstin": "27IJKLM9012N1Z5",
    "legalName": "Hero MotoCorp Ltd",
    "email": "finance@heromotocorp.com",
    "status": "Active",
    "riskScore": 9
  },
  {
    "gstin": "08NOPQR3456S1Z5",
    "legalName": "Fraudulent Traders LLP",
    "email": "fake123@gmail.com",
    "status": "Suspended",
    "riskScore": 98
  },
  {
    "gstin": "27STUVW7890T1Z5",
    "legalName": "Godrej Industries",
    "email": "accounts@godrej.com",
    "status": "Active",
    "riskScore": 11
  },
  {
    "gstin": "29XYZA23456B1Z5",
    "legalName": "Bharti Airtel Ltd",
    "email": "gst@airtel.com",
    "status": "Active",
    "riskScore": 14
  },
  {
    "gstin": "27CDEFG1234H1Z5",
    "legalName": "UltraTech Cement",
    "email": "tax@ultratechcement.com",
    "status": "Active",
    "riskScore": 13
  },
  {
    "gstin": "22HIJKL5678M1Z5",
    "legalName": "Asian Paints Ltd",
    "email": "finance@asianpaints.com",
    "status": "Active",
    "riskScore": 8
  },
  {
    "gstin": "10NOPQR9012P1Z5",
    "legalName": "JSW Steel Ltd",
    "email": "gst@jsw.in",
    "status": "Active",
    "riskScore": 16
  },
  {
    "gstin": "27STUVW3456R1Z5",
    "legalName": "Maruti Suzuki India",
    "email": "accounts@marutisuzuki.com",
    "status": "Active",
    "riskScore": 4
  },
  {
    "gstin": "29XYZAB7890T1Z5",
    "legalName": "TCS Limited",
    "email": "tax@tcs.com",
    "status": "Active",
    "riskScore": 3
  },
  {
    "gstin": "27CDEFG0123U1Z5",
    "legalName": "Hindustan Unilever",
    "email": "gst@hindustanunilever.com",
    "status": "Active",
    "riskScore": 5
  },
  {
    "gstin": "08IJKLM4567V1Z5",
    "legalName": "Shell India Markets",
    "email": "fakebusiness@shellfake.com",
    "status": "Cancelled",
    "riskScore": 92
  },
  {
    "gstin": "27NOPQR8901W1Z5",
    "legalName": "Apollo Hospitals",
    "email": "finance@apollohospitals.com",
    "status": "Active",
    "riskScore": 22
  },
  {
    "gstin": "22STUVW2345X1Z5",
    "legalName": "DLF Limited",
    "email": "gst@dlf.in",
    "status": "Active",
    "riskScore": 19
  },
  {
    "gstin": "29XYZAB6789Y1Z5",
    "legalName": "Zomato Pvt Ltd",
    "email": "tax@zomato.com",
    "status": "Active",
    "riskScore": 25
  },
  {
    "gstin": "27CDEFG1234Z1Z5",
    "legalName": "Paytm Payments Bank",
    "email": "accounts@paytm.com",
    "status": "Active",
    "riskScore": 28
  },
  {
    "gstin": "10HIJKL5678A1Z5",
    "legalName": "Vedanta Limited",
    "email": "gst@vedanta.co.in",
    "status": "Active",
    "riskScore": 17
  },
  {
    "gstin": "27MNOPQ9012B1Z5",
    "legalName": "Dr. Reddy's Labs",
    "email": "finance@drreddys.com",
    "status": "Active",
    "riskScore": 12
  },
  {
    "gstin": "29RSTUV3456C1Z5",
    "legalName": "Swiggy India Pvt Ltd",
    "email": "tax@swiggy.in",
    "status": "Active",
    "riskScore": 23
  },
  {
    "gstin": "22WXYZAB7890D1Z5",
    "legalName": "Ola Cabs Pvt Ltd",
    "email": "gst@olacabs.com",
    "status": "Active",
    "riskScore": 30
  },
  {
    "gstin": "27EFGHI1234E1Z5",
    "legalName": "Sun Pharma Ltd",
    "email": "accounts@sunpharma.com",
    "status": "Active",
    "riskScore": 11
  },
  {
    "gstin": "08JKLMN5678F1Z5",
    "legalName": "Risky Import Export",
    "email": "scamimport@gmail.com",
    "status": "Suspended",
    "riskScore": 97
  },
  {
    "gstin": "27PQRST9012G1Z5",
    "legalName": "Cipla Limited",
    "email": "tax@cipla.com",
    "status": "Active",
    "riskScore": 9
  },
  {
    "gstin": "29UVWXY3456H1Z5",
    "legalName": "PhonePe Pvt Ltd",
    "email": "gst@phonepe.com",
    "status": "Active",
    "riskScore": 21
  },
  {
    "gstin": "27ABCDE7890I1Z5",
    "legalName": "Grasim Industries",
    "email": "finance@grasim.com",
    "status": "Active",
    "riskScore": 14
  },
  {
    "gstin": "22FGHIJ1234J1Z5",
    "legalName": "TVS Motor Company",
    "email": "gst@tvs.in",
    "status": "Active",
    "riskScore": 10
  },
  {
    "gstin": "10KLMNO5678K1Z5",
    "legalName": "Tata Steel Ltd",
    "email": "tax@tatasteel.com",
    "status": "Active",
    "riskScore": 6
  },
  {
    "gstin": "27PQRST9012L1Z5",
    "legalName": "Eicher Motors Ltd",
    "email": "accounts@eichermotors.com",
    "status": "Active",
    "riskScore": 13
  },
  {
    "gstin": "29UVWXY3456M1Z5",
    "legalName": "Cred Pvt Ltd",
    "email": "gst@cred.club",
    "status": "Active",
    "riskScore": 26
  },
  {
    "gstin": "27ABCDE7890N1Z5",
    "legalName": "Britannia Industries",
    "email": "finance@britannia.co.in",
    "status": "Active",
    "riskScore": 7
  },
  {
    "gstin": "08FGHIJ1234O1Z5",
    "legalName": "Dubious Trading Co",
    "email": "fake@trading.co",
    "status": "Cancelled",
    "riskScore": 94
  },
  {
    "gstin": "27KLMNO5678P1Z5",
    "legalName": "Pidilite Industries",
    "email": "tax@pidilite.com",
    "status": "Active",
    "riskScore": 8
  },
  {
    "gstin": "22QRSTU9012Q1Z5",
    "legalName": "Berger Paints India",
    "email": "gst@bergerpaints.com",
    "status": "Active",
    "riskScore": 15
  },
  {
    "gstin": "29VWXYZ3456R1Z5",
    "legalName": "Groww Engage Tech",
    "email": "accounts@groww.in",
    "status": "Active",
    "riskScore": 24
  },
  {
    "gstin": "27ABCDE7890S1Z5",
    "legalName": "Nestle India Ltd",
    "email": "tax@nestle.in",
    "status": "Active",
    "riskScore": 5
  },
  {
    "gstin": "10FGHIJ1234T1Z5",
    "legalName": "Arvind Ltd",
    "email": "gst@arvind.co.in",
    "status": "Active",
    "riskScore": 18
  },
  {
    "gstin": "27KLMNO5678U1Z5",
    "legalName": "Colgate Palmolive India",
    "email": "finance@colgatepalmolive.co.in",
    "status": "Active",
    "riskScore": 12
  },
  {
    "gstin": "29PQRST9012V1Z5",
    "legalName": "CRED Money Pvt Ltd",
    "email": "tax@credmoney.com",
    "status": "Active",
    "riskScore": 27
  },
  {
    "gstin": "27UVWXY3456W1Z5",
    "legalName": "Dabur India Ltd",
    "email": "gst@dabur.com",
    "status": "Active",
    "riskScore": 9
  },
  {
    "gstin": "22ABCDE7890X1Z5",
    "legalName": "Ashok Leyland Ltd",
    "email": "accounts@ashokleyland.com",
    "status": "Active",
    "riskScore": 16
  },
  {
    "gstin": "08FGHIJ1234Y1Z5",
    "legalName": "Phantom Exports LLP",
    "email": "phantom@gmail.com",
    "status": "Suspended",
    "riskScore": 99
  },
  {
    "gstin": "27KLMNO5678Z1Z5",
    "legalName": "GSK Pharma Ltd",
    "email": "tax@gsk.com",
    "status": "Active",
    "riskScore": 11
  },
  {
    "gstin": "29PQRST9012A1Z5",
    "legalName": "Upstox Securities",
    "email": "gst@upstox.com",
    "status": "Active",
    "riskScore": 22
  },
  {
    "gstin": "27UVWXY3456B1Z5",
    "legalName": "Emami Ltd",
    "email": "finance@emamiltd.in",
    "status": "Active",
    "riskScore": 14
  }
]